ID	Title
883210	"data scientist sunnyvale ca"""
956279	"senior platform engineer predictive analytics platform sunnyvale ca"""
890286	"programmer analyst isd web developer bentonville ar"""
880516	"systems analyst isd bentonville ar"""
886329	"senior programmer analyst isd bentonville ar"""
861709	"programmer analyst isd bentonville ar"""
868985	"developer i isd east reston va"""
870385	"developer ii isd east reston va"""
863207	"quality engineering expert bentonville ar"""
877723	"technical expert isd bentonville ar"""
878951	"programmer isd bentonville ar"""
822826	"staff devops engineer sunnyvale ca"""
847283	"developer ii isd east reston va"""
851220	"programmer analyst isd net bentonville ar"""
859852	"senior software engineer front end sunnyvale ca"""
852605	"senior programmer analyst isd full stack bentonville ar"""
956279	"senior platform engineer predictive analytics platform sunnyvale ca"""
932109	"data analyst sunnyvale ca"""
949505	"senior data analyst san bruno ca"""
944402	"senior statistical analyst data analytics sunnyvale ca"""
877573	"senior programmer analyst isd big data bentonville ar"""
946527	"manager data analytics bentonville ar"""
867762	"senior programmer analyst isd big data hadoop bentonville ar"""
868950	"director retail data science bentonville ar"""
924791	"data scientist san bruno ca"""
886678	"systems analyst analytics isd hadoop big data bentonville ar"""
875213	"principal data scientist sunnyvale ca"""
872692	"data assurance analyst iii bentonville ar"""
879217	"staff data scientist san bruno ca"""
840811	"distinguished data scientist san bruno ca"""
890961	"senior data scientist bentonville ar"""
872453	"machine learning data scientist sunnyvale ca"""
905893	"data scientist search team sunnyvale ca"""
851630	"data scientist isd bentonville ar"""
872770	"data assurance researcher cybersecurity wmtech bentonville ar"""
870437	"data assurance analyst iii cybersecurity wmtech bentonville ar"""
867746	"associate data scientist isd bentonville ar"""
835513	"associate data scientist machine learning austin tx"""
931213	"principal software engineer big data systems sunnyvale ca"""
912902	"senior big data tools engineer sunnyvale ca"""
933905	"sr director retail data science san bruno ca"""
875199	"staff data scientist anti fraud sunnyvale ca"""
908651	"senior software engineer search big data sunnyvale ca"""
827039	"sr statistic analyst data analytics isd bentonville ar"""
868987	"statistical analyst bentonville ar"""
905876	"software engineer iii big data machine learning sunnyvale ca"""
891658	"advanced systems engineer data center isd bentonville ar"""
936597	"senior manager customer analytics global insights san bruno ca"""
930990	"2018 summer internship central operations data scientist bentonville ar"""
872239	"sr manager analytics and reporting global audits bentonville ar"""
905876	"software engineer iii big data machine learning sunnyvale ca"""
921007	"sr data analyst vudu sunnyvale ca"""
918188	"senior taxonomist structured data ho wec wmtech bentonville ar"""
679949	"planner travel sourcing and analytics walmart global travel bentonville ar"""
900679	"2018 full time gp programmer analyst data platforms bentonville ar"""
905434	"2018 full time gbs programmer analyst data strategy coe bentonville ar"""
939609	"director engineering sunnyvale ca"""
802632	"operations analyst cross border san bruno ca"""
879027	"technical product manager sunnyvale ca"""
938097	"staff software engineer sunnyvale ca"""
888388	"senior manager ii digital experience roadmap san bruno ca"""
926439	"temporary support specialist billing recoveries bentonville ar"""
888294	"sr software engineer cybersec wmtech bentonville ar"""
873254	"manager analytics and planning san bruno ca"""
950541	"temp services e bentonville ar"""
950544	"temporary specialist iii bentonville ar"""
900723	"2018 full time sams technology sr statistical analyst bentonville ar"""
900224	"2018 full time gp sr statistical analyst retail analytics bentonville ar"""
807093	"supply chain associate san bruno ca"""
825219	"senior manager customer analytics vudu sunnyvale ca"""
936492	"temporary specialist iv bentonville ar"""
943232	"product manager grocery analytics san bruno ca"""
837180	"manager business analytics insights san bruno ca"""
922104	"associate manager new customer propositions ecomm ops san bruno ca"""
947800	"principal software engineer database devops carlsbad ca"""
950082	"director product management product partnerships growth san bruno ca"""
834624	"senior manager site analytics san bruno ca"""
885370	"analyst ii analytics forensics audit finance bentonville ar"""
858618	"principal platform engineer predictive analytics platform sunnyvale ca"""
827398	"staff platform engineer predictive analytics platform sunnyvale ca"""
943063	"temporary cash application specialist bentonville ar"""
930891	"temporary specialist iv global business services bentonville ar"""
884132	"senior manager category analytics home san bruno ca"""
884135	"senior manager category analytics entertainment san bruno ca"""
934776	"compensation analyst hr bentonville ar"""
904202	"associate product manager san bruno ca"""
874264	"senior manager partnership analytics reporting san bruno ca"""
894750	"senior software engineer java node js sunnyvale ca"""
880158	"full stack staff software engineer behavioral telemetry sunnyvale ca"""
921595	"project manager workforce management temporary bentonville ar"""
945981	"associate product manager pickup analytics san bruno ca"""
809763	"supply chain associate san bruno ca"""
941423	"temporary cad specialist bentonville ar"""
931000	"2018 summer internship human resources selection assessment bentonville ar"""
935067	"senior ios engineer sunnyvale ca"""
920751	"senior manager cost analytics san bruno ca"""
879666	"senior analyst finance business systems san bruno ca"""
852829	"senior manager strategy san bruno ca"""
935138	"associate analyst operations san bruno ca"""
836193	"sr mgr strategic partnerships iot san bruno ca"""
874052	"product manager retail core engine sunnyvale ca"""
871235	"sr manager ii customer insights analytics san bruno ca"""
946201	"process mgr ii gss bentonville ar"""
876454	"sr manager corporate accounting controls bentonville ar"""
914528	"senior manager ii new customer propositions ecommerce operations san bruno ca"""
925409	"senior product manager cart checkout team san bruno ca"""
954395	"category manager footwear san bruno ca"""
925850	"marketing manager online marketing san bruno ca"""
917255	"senior interaction designer mexico sunnyvale ca"""
950084	"category manager large appliances san bruno ca"""
877842	"sr tririga developer austin tx"""
912081	"process lead ii general accounting bentonville ar"""
842855	"process lead ii cash banking reconciliation bentonville ar"""
949357	"head of design mexico sunnyvale ca"""
917845	"product manager walmart mexico sunnyvale ca"""
949723	"driver coordinator midway tn"""
945702	"business analyst walmart merchandising bentonville ar"""
955907	"senior statistical analyst global people analytics bentonville ar"""
923968	"analyst ii analytics compliance ethics bentonville ar"""
948979	"senior statistical analyst bentonville ar"""
871414	"sr manager bi and analytics hr global people analytics bentonville ar"""
855524	"merchandise analytics manager walmart merchandising bentonville ar"""
949404	"r quality assurance associate buckeye az"""
908652	"staff software engineer open api iot sunnyvale ca"""
926125	"facilitator continuous improvement finance operations walmartcom bentonville ar"""
873503	"programmer analyst analytics isd bentonville ar"""
